chunks,download,filename,filesize,generated,host,host_icon,id,link,mimeType,streamable
32,https://nyk5-4.download.real-debrid.com/d/QIMAIR37ZXYTC73/Love.Island.US.S05E22.1080p.WEB.h264-EDITH%5Beztv.re%5D.mkv,Love.Island.US.S05E22.1080p.WEB.h264-EDITH[eztv.re].mkv,3352335977,2025-07-31T03:09:51.000Z,real-debrid.com,https://fcdn.real-debrid.com/0831/images/hosters/realdebrid.png,QIMAIR37ZXYTC,https://real-debrid.com/d/IAFX5ACUD352I598,video/x-matroska,1
32,https://nyk5-4.download.real-debrid.com/d/Q4IXFOBINDT3O72/Queen.2014.720p.BluRay.x264.ShAaNiG.com.mkv,Queen.2014.720p.BluRay.x264.ShAaNiG.com.mkv,1284016152,2025-07-31T03:06:44.000Z,real-debrid.com,https://fcdn.real-debrid.com/0831/images/hosters/realdebrid.png,Q4IXFOBINDT3O,https://real-debrid.com/d/XHTYXTYFWMLPMF01,video/x-matroska,1
32,https://nyk5-4.download.real-debrid.com/d/LJ6CZCSBUTVMG42/Love.Island.US.S05E21.1080p.WEB.h264-EDITH%5Beztv.re%5D.mkv,Love.Island.US.S05E21.1080p.WEB.h264-EDITH[eztv.re].mkv,3068320111,2025-07-31T02:46:48.000Z,real-debrid.com,https://fcdn.real-debrid.com/0831/images/hosters/realdebrid.png,LJ6CZCSBUTVMG,https://real-debrid.com/d/IGV4JQGSLWMF4C88,video/x-matroska,1
32,https://nyk5-4.download.real-debrid.com/d/UUKKFTSOPBGVC42/Love.Island.US.S05E21.1080p.WEB.h264-EDITH%5Beztv.re%5D.mkv,Love.Island.US.S05E21.1080p.WEB.h264-EDITH[eztv.re].mkv,3068320111,2025-07-30T23:29:09.000Z,real-debrid.com,https://fcdn.real-debrid.com/0831/images/hosters/realdebrid.png,UUKKFTSOPBGVC,https://real-debrid.com/d/IGV4JQGSLWMF4C88,video/x-matroska,1
32,https://nyk5-4.download.real-debrid.com/d/X2YWL3NRE2ZEK88/Love.Island.US.S05E20.1080p.WEB.h264-EDITH%5Beztv.re%5D.mkv,Love.Island.US.S05E20.1080p.WEB.h264-EDITH[eztv.re].mkv,3269333573,2025-07-30T22:59:02.000Z,real-debrid.com,https://fcdn.real-debrid.com/0831/images/hosters/realdebrid.png,X2YWL3NRE2ZEK,https://real-debrid.com/d/VXKXKPDSDTJ3QB6F,video/x-matroska,1
32,https://nyk5-4.download.real-debrid.com/d/NM5EZB3NOHFH677/Hart%20of%20Dixie%20S02E13%20AMZN.1080p.5.1.HEVC.x265.10bit-Bearfish.mkv,Hart of Dixie S02E13 AMZN.1080p.5.1.HEVC.x265.10bit-Bearfish.mkv,1144843358,2025-07-30T22:29:37.000Z,real-debrid.com,https://fcdn.real-debrid.com/0831/images/hosters/realdebrid.png,NM5EZB3NOHFH6,https://real-debrid.com/d/WJGGG35NORPUCCA2,video/x-matroska,1
32,https://nyk5-4.download.real-debrid.com/d/2OBZX3UMCL3QG70/Hart%20of%20Dixie%20S02E13%20AMZN.1080p.5.1.HEVC.x265.10bit-Bearfish.mkv,Hart of Dixie S02E13 AMZN.1080p.5.1.HEVC.x265.10bit-Bearfish.mkv,1144843358,2025-07-30T19:06:32.000Z,real-debrid.com,https://fcdn.real-debrid.com/0831/images/hosters/realdebrid.png,2OBZX3UMCL3QG,https://real-debrid.com/d/WJGGG35NORPUCCA2,video/x-matroska,1
32,https://nyk5-4.download.real-debrid.com/d/5JLG5DRQISPNS93/Hart%20of%20Dixie%20S02E12%20AMZN.1080p.5.1.HEVC.x265.10bit-Bearfish.mkv,Hart of Dixie S02E12 AMZN.1080p.5.1.HEVC.x265.10bit-Bearfish.mkv,1146653155,2025-07-30T18:56:38.000Z,real-debrid.com,https://fcdn.real-debrid.com/0831/images/hosters/realdebrid.png,5JLG5DRQISPNS,https://real-debrid.com/d/HMGQZU2FIRYFAF2E,video/x-matroska,1
32,https://nyk5-4.download.real-debrid.com/d/3LUOY6KONOTIW89/The%20Traitors%20S02E12.mp4,The Traitors S02E12.mp4,3243682560,2025-07-30T17:44:22.000Z,real-debrid.com,https://fcdn.real-debrid.com/0831/images/hosters/realdebrid.png,3LUOY6KONOTIW,https://real-debrid.com/d/SNN3E26SOCFDY10A,video/mp4,1
32,https://nyk5-4.download.real-debrid.com/d/GZ7N3X6TOKYIU86/The%20Traitors%20S02E11.mp4,The Traitors S02E11.mp4,2563044993,2025-07-30T17:37:54.000Z,real-debrid.com,https://fcdn.real-debrid.com/0831/images/hosters/realdebrid.png,GZ7N3X6TOKYIU,https://real-debrid.com/d/GOJ7B7LIVVJJM3D9,video/mp4,1
32,https://nyk5-4.download.real-debrid.com/d/Y6EZN2LP33TP699/the.summer.i.turned.pretty.s03e04.hdr.2160p.web.h265-successfulcrab.mkv,the.summer.i.turned.pretty.s03e04.hdr.2160p.web.h265-successfulcrab.mkv,8152302397,2025-07-30T16:34:19.000Z,real-debrid.com,https://fcdn.real-debrid.com/0831/images/hosters/realdebrid.png,Y6EZN2LP33TP6,https://real-debrid.com/d/YDPPQNEOH6SMS3C8,video/x-matroska,1
32,https://nyk5-4.download.real-debrid.com/d/MEPXE2XHXLEBK74/The%20Summer%20I%20Turned%20Pretty%20S03E01%20Last%20Season%202160p%20AMZN%20WEB-DL%20DDP5%201%20Atmos%20HDR%20H%20265-Kitsune.mkv,The Summer I Turned Pretty S03E01 Last Season 2160p AMZN WEB-DL DDP5 1 Atmos HDR H 265-Kitsune.mkv,6571196001,2025-07-30T16:30:37.000Z,real-debrid.com,https://fcdn.real-debrid.com/0831/images/hosters/realdebrid.png,MEPXE2XHXLEBK,https://real-debrid.com/d/XP2ZUCFWC3HGE45F,video/x-matroska,1
32,https://nyk5-4.download.real-debrid.com/d/VZNX6ITOI3DOY97/The%20Traitors%20S02E11.mp4,The Traitors S02E11.mp4,2563044993,2025-07-30T06:51:15.000Z,real-debrid.com,https://fcdn.real-debrid.com/0831/images/hosters/realdebrid.png,VZNX6ITOI3DOY,https://real-debrid.com/d/GOJ7B7LIVVJJM3D9,video/mp4,1
32,https://nyk5-4.download.real-debrid.com/d/QIYSEUR2MJPDS82/The%20Summer%20I%20Turned%20Pretty%20S03E01%20Last%20Season%202160p%20AMZN%20WEB-DL%20DDP5%201%20Atmos%20HDR%20H%20265-Kitsune.mkv,The Summer I Turned Pretty S03E01 Last Season 2160p AMZN WEB-DL DDP5 1 Atmos HDR H 265-Kitsune.mkv,6571196001,2025-07-30T06:50:52.000Z,real-debrid.com,https://fcdn.real-debrid.com/0831/images/hosters/realdebrid.png,QIYSEUR2MJPDS,https://real-debrid.com/d/XP2ZUCFWC3HGE45F,video/x-matroska,1
32,https://nyk5-4.download.real-debrid.com/d/TW3SYSDMO5BGE78/Hart%20of%20Dixie%20S02E12%20AMZN.1080p.5.1.HEVC.x265.10bit-Bearfish.mkv,Hart of Dixie S02E12 AMZN.1080p.5.1.HEVC.x265.10bit-Bearfish.mkv,1146653155,2025-07-30T06:17:53.000Z,real-debrid.com,https://fcdn.real-debrid.com/0831/images/hosters/realdebrid.png,TW3SYSDMO5BGE,https://real-debrid.com/d/HMGQZU2FIRYFAF2E,video/x-matroska,1
32,https://nyk5-4.download.real-debrid.com/d/UQFMWC2OYTPLS101/Hart%20of%20Dixie%20S02E11%20AMZN.1080p.5.1.HEVC.x265.10bit-Bearfish.mkv,Hart of Dixie S02E11 AMZN.1080p.5.1.HEVC.x265.10bit-Bearfish.mkv,1147810651,2025-07-30T05:35:10.000Z,real-debrid.com,https://fcdn.real-debrid.com/0831/images/hosters/realdebrid.png,UQFMWC2OYTPLS,https://real-debrid.com/d/TEBJ5DVWOHTTO563,video/x-matroska,1
32,https://nyk5-4.download.real-debrid.com/d/QBX44AGJPO2QU102/Hart%20of%20Dixie%20S02E10%20AMZN.1080p.5.1.HEVC.x265.10bit-Bearfish.mkv,Hart of Dixie S02E10 AMZN.1080p.5.1.HEVC.x265.10bit-Bearfish.mkv,1141475319,2025-07-30T05:24:21.000Z,real-debrid.com,https://fcdn.real-debrid.com/0831/images/hosters/realdebrid.png,QBX44AGJPO2QU,https://real-debrid.com/d/KU73BNFQMINZO637,video/x-matroska,1
32,https://nyk5-4.download.real-debrid.com/d/PB4AA4K4IJR4W88/Love.Island.US.S05E20.1080p.WEB.h264-EDITH%5Beztv.re%5D.mkv,Love.Island.US.S05E20.1080p.WEB.h264-EDITH[eztv.re].mkv,3269333573,2025-07-30T05:03:44.000Z,real-debrid.com,https://fcdn.real-debrid.com/0831/images/hosters/realdebrid.png,PB4AA4K4IJR4W,https://real-debrid.com/d/VXKXKPDSDTJ3QB6F,video/x-matroska,1
32,https://nyk5-4.download.real-debrid.com/d/EM3VHJIJ5F2XE43/Love.Island.US.S05E19.1080p.WEB.h264-EDITH.mkv,Love.Island.US.S05E19.1080p.WEB.h264-EDITH.mkv,2762887726,2025-07-30T04:32:57.000Z,real-debrid.com,https://fcdn.real-debrid.com/0831/images/hosters/realdebrid.png,EM3VHJIJ5F2XE,https://real-debrid.com/d/KUXN6RR7EREYU4B6,video/x-matroska,1
32,https://nyk5-4.download.real-debrid.com/d/KP4CZ4UN7IEZO40/MasterChef.Junior.S09E01.1080p.WEB.h264-BAE%5BEZTVx.to%5D.mkv,MasterChef.Junior.S09E01.1080p.WEB.h264-BAE[EZTVx.to].mkv,1635519633,2025-07-30T02:50:01.000Z,real-debrid.com,https://fcdn.real-debrid.com/0831/images/hosters/realdebrid.png,KP4CZ4UN7IEZO,https://real-debrid.com/d/BK5KNWOHIG6MK6FC,video/x-matroska,1
32,https://nyk5-4.download.real-debrid.com/d/S3T2XPBJWUDNG20/MasterChef.Junior.S08E01.1080p.HEVC.x265-MeGusta%5Beztv.re%5D.mkv,MasterChef.Junior.S08E01.1080p.HEVC.x265-MeGusta[eztv.re].mkv,887934223,2025-07-30T02:49:40.000Z,real-debrid.com,https://fcdn.real-debrid.com/0831/images/hosters/realdebrid.png,S3T2XPBJWUDNG,https://real-debrid.com/d/QTLXQTN6WNZE4749,video/x-matroska,1
32,https://nyk5-4.download.real-debrid.com/d/MDVQLBFUWPLPM81/The%20Traitors%20S02E10.mp4,The Traitors S02E10.mp4,2726012975,2025-07-30T02:38:28.000Z,real-debrid.com,https://fcdn.real-debrid.com/0831/images/hosters/realdebrid.png,MDVQLBFUWPLPM,https://real-debrid.com/d/SRWZJPWQDL4DGC44,video/mp4,1
32,https://nyk5-4.download.real-debrid.com/d/ACB34CTVMTIBY83/The%20Summer%20I%20Turned%20Pretty%20S03E01%20Last%20Season%202160p%20AMZN%20WEB-DL%20DDP5%201%20Atmos%20HDR%20H%20265-Kitsune.mkv,The Summer I Turned Pretty S03E01 Last Season 2160p AMZN WEB-DL DDP5 1 Atmos HDR H 265-Kitsune.mkv,6571196001,2025-07-30T02:37:21.000Z,real-debrid.com,https://fcdn.real-debrid.com/0831/images/hosters/realdebrid.png,ACB34CTVMTIBY,https://real-debrid.com/d/XP2ZUCFWC3HGE45F,video/x-matroska,1
32,https://nyk5-4.download.real-debrid.com/d/PXEV4E4LTLKF297/Love.Island.US.S05E18.1080p.WEB.h264-EDITH%5Beztv.re%5D.mkv,Love.Island.US.S05E18.1080p.WEB.h264-EDITH[eztv.re].mkv,2982345168,2025-07-30T02:02:16.000Z,real-debrid.com,https://fcdn.real-debrid.com/0831/images/hosters/realdebrid.png,PXEV4E4LTLKF2,https://real-debrid.com/d/HK4VFCO6QCZM4C93,video/x-matroska,1
32,https://nyk5-4.download.real-debrid.com/d/DCG263RVSYDAS80/Love.Island.US.S05E17.1080p.WEB.h264-EDITH%5Beztv.re%5D.mkv,Love.Island.US.S05E17.1080p.WEB.h264-EDITH[eztv.re].mkv,2512799468,2025-07-30T01:57:52.000Z,real-debrid.com,https://fcdn.real-debrid.com/0831/images/hosters/realdebrid.png,DCG263RVSYDAS,https://real-debrid.com/d/TVAIYVVL3UAXC6F2,video/x-matroska,1
32,https://nyk5-4.download.real-debrid.com/d/LVZW2TBEL76P675/Love.Island.US.S05E16.1080p.WEB.h264-EDITH%5Beztv.re%5D.mkv,Love.Island.US.S05E16.1080p.WEB.h264-EDITH[eztv.re].mkv,4066158251,2025-07-30T00:41:38.000Z,real-debrid.com,https://fcdn.real-debrid.com/0831/images/hosters/realdebrid.png,LVZW2TBEL76P6,https://real-debrid.com/d/WJKQNQIXQPM4S5DE,video/x-matroska,1
32,https://nyk5-4.download.real-debrid.com/d/M5KIUV63WXG7A44/Love.Island.US.S05E15.1080p.WEB.h264-EDITH%5Beztv.re%5D.mkv,Love.Island.US.S05E15.1080p.WEB.h264-EDITH[eztv.re].mkv,3342658374,2025-07-29T23:59:18.000Z,real-debrid.com,https://fcdn.real-debrid.com/0831/images/hosters/realdebrid.png,M5KIUV63WXG7A,https://real-debrid.com/d/6LXPPF47NKQ32F41,video/x-matroska,1
32,https://nyk5-4.download.real-debrid.com/d/BKF7UYZOMINSC104/The%20Traitors%20S02E10.mp4,The Traitors S02E10.mp4,2726012975,2025-07-29T09:55:56.000Z,real-debrid.com,https://fcdn.real-debrid.com/0831/images/hosters/realdebrid.png,BKF7UYZOMINSC,https://real-debrid.com/d/SRWZJPWQDL4DGC44,video/mp4,1
32,https://nyk5-4.download.real-debrid.com/d/WQTFATNW4XBMI92/The%20Traitors%20S02E09.mp4,The Traitors S02E09.mp4,2818475684,2025-07-29T09:08:38.000Z,real-debrid.com,https://fcdn.real-debrid.com/0831/images/hosters/realdebrid.png,WQTFATNW4XBMI,https://real-debrid.com/d/5DBAWKELL2S3U378,video/mp4,1
32,https://nyk5-4.download.real-debrid.com/d/MSOI63ORXKVMC80/The%20Traitors%20S02E08.mp4,The Traitors S02E08.mp4,2367568873,2025-07-29T09:05:17.000Z,real-debrid.com,https://fcdn.real-debrid.com/0831/images/hosters/realdebrid.png,MSOI63ORXKVMC,https://real-debrid.com/d/CBN7CNDS75F7M35A,video/mp4,1
32,https://nyk5-4.download.real-debrid.com/d/7ZSDVBLLVQSF697/The%20Traitors%20S02E08.mp4,The Traitors S02E08.mp4,2367568873,2025-07-29T08:59:40.000Z,real-debrid.com,https://fcdn.real-debrid.com/0831/images/hosters/realdebrid.png,7ZSDVBLLVQSF6,https://real-debrid.com/d/CBN7CNDS75F7M35A,video/mp4,1
32,https://nyk5-4.download.real-debrid.com/d/XENFD433AEYOA99/The%20Traitors%20S02E08.mp4,The Traitors S02E08.mp4,2367568873,2025-07-29T01:38:35.000Z,real-debrid.com,https://fcdn.real-debrid.com/0831/images/hosters/realdebrid.png,XENFD433AEYOA,https://real-debrid.com/d/CBN7CNDS75F7M35A,video/mp4,1
32,https://nyk5-4.download.real-debrid.com/d/WFCIRBUKP7L5O95/The%20Traitors%20S02E09.mp4,The Traitors S02E09.mp4,2818475684,2025-07-29T01:38:14.000Z,real-debrid.com,https://fcdn.real-debrid.com/0831/images/hosters/realdebrid.png,WFCIRBUKP7L5O,https://real-debrid.com/d/5DBAWKELL2S3U378,video/mp4,1
32,https://nyk5-4.download.real-debrid.com/d/RO45W3DGT2OMY40/Love.Island.US.S05E15.1080p.WEB.h264-EDITH%5Beztv.re%5D.mkv,Love.Island.US.S05E15.1080p.WEB.h264-EDITH[eztv.re].mkv,3342658374,2025-07-29T01:26:27.000Z,real-debrid.com,https://fcdn.real-debrid.com/0831/images/hosters/realdebrid.png,RO45W3DGT2OMY,https://real-debrid.com/d/6LXPPF47NKQ32F41,video/x-matroska,1
32,https://nyk5-4.download.real-debrid.com/d/RIQCC22Q2LWCI41/Love.Island.US.S05E14.1080p.WEB.h264-EDITH%5Beztv.re%5D.mkv,Love.Island.US.S05E14.1080p.WEB.h264-EDITH[eztv.re].mkv,3176393574,2025-07-29T01:08:39.000Z,real-debrid.com,https://fcdn.real-debrid.com/0831/images/hosters/realdebrid.png,RIQCC22Q2LWCI,https://real-debrid.com/d/3PCH54WX4FNACAA6,video/x-matroska,1
32,https://nyk5-4.download.real-debrid.com/d/3DDJB6STS2STK43/Hum.Do.Hamare.Do.2021.1080p.10bit.DSNP.WEBRip.DD%2B5.1.ESub.HEVC-The.PunisheR.mkv,Hum.Do.Hamare.Do.2021.1080p.10bit.DSNP.WEBRip.DD+5.1.ESub.HEVC-The.PunisheR.mkv,3566886414,2025-07-28T23:12:39.000Z,real-debrid.com,https://fcdn.real-debrid.com/0831/images/hosters/realdebrid.png,3DDJB6STS2STK,https://real-debrid.com/d/VQCJB4EYOJ2QYA35,video/x-matroska,1
32,https://nyk5-4.download.real-debrid.com/d/27LXIINRSFVOG21/Moonfall%20%282022%29%201080p%20BluRay%20Remux%20DTS%20CZ%20EN.mkv,Moonfall (2022) 1080p BluRay Remux DTS CZ EN.mkv,32716684491,2025-07-28T23:07:33.000Z,real-debrid.com,https://fcdn.real-debrid.com/0831/images/hosters/realdebrid.png,27LXIINRSFVOG,https://real-debrid.com/d/VGIMW2AB3K2J6AF6,video/x-matroska,1
32,https://nyk5-4.download.real-debrid.com/d/4BWDHX6XBONTY21/Moonfall%204Kremux2160.atomohd.one.mkv,Moonfall 4Kremux2160.atomohd.one.mkv,72808403659,2025-07-28T23:04:57.000Z,real-debrid.com,https://fcdn.real-debrid.com/0831/images/hosters/realdebrid.png,4BWDHX6XBONTY,https://real-debrid.com/d/C6XLI7A3XR56KF9E,video/x-matroska,1
32,https://nyk5-4.download.real-debrid.com/d/6RVCSYRUTYON622/www.1TamilBlasters.red%20-%20Court%20State%20Vs%20a%20Nobody%20%282025%29%20%5B4K%20UHD%20HEVC%20UNTOUCHED%20-%20x265%20-%20%5BTam%20%2B%20Mal%20%2B%20Tel%20%2B%20Kan%20%2B%20Hin%5D%20-%20DDP5.1%20%28640Kbps%29%20-%2015.5GB%20-%20ESub%5D.mkv,www.1TamilBlasters.red - Court State Vs a Nobody (2025) [4K UHD HEVC UNTOUCHED - x265 - [Tam + Mal + Tel + Kan + Hin] - DDP5.1 (640Kbps) - 15.5GB - ESub].mkv,16687281646,2025-07-28T22:58:20.000Z,real-debrid.com,https://fcdn.real-debrid.com/0831/images/hosters/realdebrid.png,6RVCSYRUTYON6,https://real-debrid.com/d/IZEMLQPK2M7T2D82,video/x-matroska,1
32,https://nyk5-4.download.real-debrid.com/d/OHKEKNR6X2RNW104/The%20Traitors%20S02E09.mp4,The Traitors S02E09.mp4,2818475684,2025-07-28T09:05:39.000Z,real-debrid.com,https://fcdn.real-debrid.com/0831/images/hosters/realdebrid.png,OHKEKNR6X2RNW,https://real-debrid.com/d/5DBAWKELL2S3U378,video/mp4,1
32,https://nyk5-4.download.real-debrid.com/d/A7GEGNEFO4GJK94/The%20Traitors%20S02E08.mp4,The Traitors S02E08.mp4,2367568873,2025-07-28T08:06:59.000Z,real-debrid.com,https://fcdn.real-debrid.com/0831/images/hosters/realdebrid.png,A7GEGNEFO4GJK,https://real-debrid.com/d/CBN7CNDS75F7M35A,video/mp4,1
32,https://nyk5-4.download.real-debrid.com/d/MLQIAD56LMEKS85/The%20Traitors%20S02E07.mp4,The Traitors S02E07.mp4,2605563543,2025-07-28T07:10:33.000Z,real-debrid.com,https://fcdn.real-debrid.com/0831/images/hosters/realdebrid.png,MLQIAD56LMEKS,https://real-debrid.com/d/YHL47TQYTCIX66F0,video/mp4,1
32,https://nyk5-4.download.real-debrid.com/d/U77NYOMF4S7WU83/De%20Dana%20Dan%20%282009%29%20Hindi%201080p%2010bit%20Bluray%20x265%20HEVC%20DDP%205.1%20ESub%20~%20TombDoc.mkv,De Dana Dan (2009) Hindi 1080p 10bit Bluray x265 HEVC DDP 5.1 ESub ~ TombDoc.mkv,4671313211,2025-07-28T02:28:14.000Z,real-debrid.com,https://fcdn.real-debrid.com/0831/images/hosters/realdebrid.png,U77NYOMF4S7WU,https://real-debrid.com/d/3M3NAZL5JGSWM792,video/x-matroska,1
32,https://nyk5-4.download.real-debrid.com/d/4TZWRIUFN5OP445/Love.Island.US.S05E14.1080p.WEB.h264-EDITH%5Beztv.re%5D.mkv,Love.Island.US.S05E14.1080p.WEB.h264-EDITH[eztv.re].mkv,3176393574,2025-07-28T02:05:41.000Z,real-debrid.com,https://fcdn.real-debrid.com/0831/images/hosters/realdebrid.png,4TZWRIUFN5OP4,https://real-debrid.com/d/3PCH54WX4FNACAA6,video/x-matroska,1
32,https://nyk5-4.download.real-debrid.com/d/G26CUGFCVNNFS42/Love.Island.US.S05E13.1080p.WEB.h264-EDITH%5Beztv.re%5D.mkv,Love.Island.US.S05E13.1080p.WEB.h264-EDITH[eztv.re].mkv,3499503074,2025-07-28T01:01:48.000Z,real-debrid.com,https://fcdn.real-debrid.com/0831/images/hosters/realdebrid.png,G26CUGFCVNNFS,https://real-debrid.com/d/RCHOJNC6JE3KWB6A,video/x-matroska,1
32,https://nyk5-4.download.real-debrid.com/d/TKNI2NG3WZWEC45/Love.Island.US.S05E12.1080p.WEB.h264-EDITH%5Beztv.re%5D.mkv,Love.Island.US.S05E12.1080p.WEB.h264-EDITH[eztv.re].mkv,2891626083,2025-07-28T00:45:00.000Z,real-debrid.com,https://fcdn.real-debrid.com/0831/images/hosters/realdebrid.png,TKNI2NG3WZWEC,https://real-debrid.com/d/ACWCBJ333YARO243,video/x-matroska,1
32,https://nyk5-4.download.real-debrid.com/d/CXCI2J7VMR6JK82/The%20Traitors%20S02E06.mp4,The Traitors S02E06.mp4,2642963431,2025-07-28T00:44:47.000Z,real-debrid.com,https://fcdn.real-debrid.com/0831/images/hosters/realdebrid.png,CXCI2J7VMR6JK,https://real-debrid.com/d/5BQ4FPEM5GZG2A24,video/mp4,1
32,https://nyk5-4.download.real-debrid.com/d/EPVRDCX7CRZRG94/The%20Traitors%20S02E06.mp4,The Traitors S02E06.mp4,2642963431,2025-07-27T21:26:54.000Z,real-debrid.com,https://fcdn.real-debrid.com/0831/images/hosters/realdebrid.png,EPVRDCX7CRZRG,https://real-debrid.com/d/5BQ4FPEM5GZG2A24,video/mp4,1
32,https://nyk5-4.download.real-debrid.com/d/3WW5PTOIN3AVU95/Episode%206.mkv,Episode 6.mkv,821058515,2025-07-27T21:24:32.000Z,real-debrid.com,https://fcdn.real-debrid.com/0831/images/hosters/realdebrid.png,3WW5PTOIN3AVU,https://real-debrid.com/d/7LN3O5QH47T5MF09,video/x-matroska,1
32,https://nyk5-4.download.real-debrid.com/d/O57IGKMTO47R477/Episode%205.mkv,Episode 5.mkv,1010905720,2025-07-27T20:06:27.000Z,real-debrid.com,https://fcdn.real-debrid.com/0831/images/hosters/realdebrid.png,O57IGKMTO47R4,https://real-debrid.com/d/LUKTBVAQTVOQY31E,video/x-matroska,1
32,https://nyk5-4.download.real-debrid.com/d/OYOQ5XMWMASEK76/Episode%204.mkv,Episode 4.mkv,1060192465,2025-07-27T19:24:11.000Z,real-debrid.com,https://fcdn.real-debrid.com/0831/images/hosters/realdebrid.png,OYOQ5XMWMASEK,https://real-debrid.com/d/TGQYXFYL4QLIGC20,video/x-matroska,1
32,https://nyk5-4.download.real-debrid.com/d/T3SNJZPAJYGYK81/Episode%203.mkv,Episode 3.mkv,1254452354,2025-07-27T18:27:34.000Z,real-debrid.com,https://fcdn.real-debrid.com/0831/images/hosters/realdebrid.png,T3SNJZPAJYGYK,https://real-debrid.com/d/M5RV5U4IBVOIKE69,video/x-matroska,1
32,https://nyk5-4.download.real-debrid.com/d/DTGAQU2KXSNL288/Episode%202.mkv,Episode 2.mkv,944372561,2025-07-27T17:26:00.000Z,real-debrid.com,https://fcdn.real-debrid.com/0831/images/hosters/realdebrid.png,DTGAQU2KXSNL2,https://real-debrid.com/d/R4H6KM5WZGCLEF4A,video/x-matroska,1
32,https://nyk5-4.download.real-debrid.com/d/6UAUZW4XCU77G103/Episode%201.mkv,Episode 1.mkv,781529700,2025-07-27T17:09:11.000Z,real-debrid.com,https://fcdn.real-debrid.com/0831/images/hosters/realdebrid.png,6UAUZW4XCU77G,https://real-debrid.com/d/NJGN4GIV4KPAQ892,video/x-matroska,1
32,https://nyk5-4.download.real-debrid.com/d/YWJAKESYOCZGQ44/The%20Traitors%20S02E03.mp4,The Traitors S02E03.mp4,2991958575,2025-07-27T17:07:20.000Z,real-debrid.com,https://fcdn.real-debrid.com/0831/images/hosters/realdebrid.png,YWJAKESYOCZGQ,https://real-debrid.com/d/A4W6X2LJADPYYB89,video/mp4,1
32,https://nyk5-4.download.real-debrid.com/d/YQARY7MBMXKWY44/Love.Island.US.S05E12.1080p.WEB.h264-EDITH%5Beztv.re%5D.mkv,Love.Island.US.S05E12.1080p.WEB.h264-EDITH[eztv.re].mkv,2891626083,2025-07-27T17:04:45.000Z,real-debrid.com,https://fcdn.real-debrid.com/0831/images/hosters/realdebrid.png,YQARY7MBMXKWY,https://real-debrid.com/d/ACWCBJ333YARO243,video/x-matroska,1
32,https://nyk5-4.download.real-debrid.com/d/Q7QZZ4Y4YCIDS44/Love.Island.US.S05E12.1080p.HEVC.x265-MeGusta%5Beztv.re%5D.mkv,Love.Island.US.S05E12.1080p.HEVC.x265-MeGusta[eztv.re].mkv,940690143,2025-07-27T16:48:54.000Z,real-debrid.com,https://fcdn.real-debrid.com/0831/images/hosters/realdebrid.png,Q7QZZ4Y4YCIDS,https://real-debrid.com/d/TN45O62RHBJQO711,video/x-matroska,1
32,https://nyk5-4.download.real-debrid.com/d/XMCXAA7DGWFEW74/Love.Island.US.S05E11.1080p.HEVC.x265-MeGusta%5Beztv.re%5D.mkv,Love.Island.US.S05E11.1080p.HEVC.x265-MeGusta[eztv.re].mkv,884665603,2025-07-27T16:48:03.000Z,real-debrid.com,https://fcdn.real-debrid.com/0831/images/hosters/realdebrid.png,XMCXAA7DGWFEW,https://real-debrid.com/d/WHQZEDU4PVPV61EC,video/x-matroska,1
32,https://nyk5-4.download.real-debrid.com/d/RE5PESQWECG4C43/Love.Island.US.S05E10.1080p.HEVC.x265-MeGusta%5Beztv.re%5D.mkv,Love.Island.US.S05E10.1080p.HEVC.x265-MeGusta[eztv.re].mkv,865621369,2025-07-27T16:09:34.000Z,real-debrid.com,https://fcdn.real-debrid.com/0831/images/hosters/realdebrid.png,RE5PESQWECG4C,https://real-debrid.com/d/3EJZJW6S55AWK1E8,video/x-matroska,1
32,https://nyk5-4.download.real-debrid.com/d/B47I4KLEBENL490/Love%20Island%20US%205x10%20720p%20PCOK%20WEB%20DD%202.0.mkv,Love Island US 5x10 720p PCOK WEB DD 2.0.mkv,546928890,2025-07-27T16:08:31.000Z,real-debrid.com,https://fcdn.real-debrid.com/0831/images/hosters/realdebrid.png,B47I4KLEBENL4,https://real-debrid.com/d/TQDYX3A4MPISO200,video/x-matroska,1
32,https://nyk5-4.download.real-debrid.com/d/4DRD7MDKNPYP689/unreal.s01e06.1080p.web.h264-nixon.mkv,unreal.s01e06.1080p.web.h264-nixon.mkv,2967136130,2025-07-27T06:31:38.000Z,real-debrid.com,https://fcdn.real-debrid.com/0831/images/hosters/realdebrid.png,4DRD7MDKNPYP6,https://real-debrid.com/d/FELT3NUNEUVZCD88,video/x-matroska,1
32,https://nyk5-4.download.real-debrid.com/d/QPLANIOO43JFS77/unreal.s01e05.1080p.web.h264-nixon.mkv,unreal.s01e05.1080p.web.h264-nixon.mkv,3605170682,2025-07-27T05:49:07.000Z,real-debrid.com,https://fcdn.real-debrid.com/0831/images/hosters/realdebrid.png,QPLANIOO43JFS,https://real-debrid.com/d/OO6PXHUL4LCH2A2A,video/x-matroska,1
32,https://nyk5-4.download.real-debrid.com/d/XYWJXAU6LS7RM95/unreal.s01e04.1080p.web.h264-nixon.mkv,unreal.s01e04.1080p.web.h264-nixon.mkv,3413856946,2025-07-27T05:08:19.000Z,real-debrid.com,https://fcdn.real-debrid.com/0831/images/hosters/realdebrid.png,XYWJXAU6LS7RM,https://real-debrid.com/d/5BJATNWMKCH6YAD7,video/x-matroska,1
32,https://nyk5-4.download.real-debrid.com/d/3ORSUYUJOLJVY100/unreal.s01e03.1080p.web.h264-nixon.mkv,unreal.s01e03.1080p.web.h264-nixon.mkv,3600794595,2025-07-27T04:24:49.000Z,real-debrid.com,https://fcdn.real-debrid.com/0831/images/hosters/realdebrid.png,3ORSUYUJOLJVY,https://real-debrid.com/d/WZ34SYCVDWQ3Y1BB,video/x-matroska,1
32,https://nyk5-4.download.real-debrid.com/d/JBZNQZI2J6XHY88/unreal.s01e02.1080p.web.h264-nixon.mkv,unreal.s01e02.1080p.web.h264-nixon.mkv,3427290403,2025-07-27T03:44:48.000Z,real-debrid.com,https://fcdn.real-debrid.com/0831/images/hosters/realdebrid.png,JBZNQZI2J6XHY,https://real-debrid.com/d/E37QVM6ZP3CJS66E,video/x-matroska,1
32,https://nyk5-4.download.real-debrid.com/d/AK62E2TLPNSNY104/UnREAL%20%282015%29%20-%20S01E02%20-%20Relapse%20%281080p%20AMZN%20WEB-DL%20x265%20Vyndros%29.mkv,UnREAL (2015) - S01E02 - Relapse (1080p AMZN WEB-DL x265 Vyndros).mkv,828567626,2025-07-27T03:43:07.000Z,real-debrid.com,https://fcdn.real-debrid.com/0831/images/hosters/realdebrid.png,AK62E2TLPNSNY,https://real-debrid.com/d/Y4W7TMOH7RG7262B,video/x-matroska,1
32,https://nyk5-4.download.real-debrid.com/d/GMQ4UDINN5OGA76/unreal.s01e01.1080p.web.h264-nixon.mkv,unreal.s01e01.1080p.web.h264-nixon.mkv,3398471350,2025-07-27T03:14:15.000Z,real-debrid.com,https://fcdn.real-debrid.com/0831/images/hosters/realdebrid.png,GMQ4UDINN5OGA,https://real-debrid.com/d/DHBMINWAFUTYQECE,video/x-matroska,1
32,https://nyk5-4.download.real-debrid.com/d/6CPQYFGJ5IHVW94/UnREAL%20%282015%29%20-%20S01E01%20-%20Return%20%281080p%20AMZN%20WEB-DL%20x265%20Vyndros%29.mkv,UnREAL (2015) - S01E01 - Return (1080p AMZN WEB-DL x265 Vyndros).mkv,810943873,2025-07-27T02:39:25.000Z,real-debrid.com,https://fcdn.real-debrid.com/0831/images/hosters/realdebrid.png,6CPQYFGJ5IHVW,https://real-debrid.com/d/Q4XQYRTQNY4R2D99,video/x-matroska,1
32,https://nyk5-4.download.real-debrid.com/d/NAY5YU2PLBU3Q72/Hart%20of%20Dixie%20S02E10%20AMZN.1080p.5.1.HEVC.x265.10bit-Bearfish.mkv,Hart of Dixie S02E10 AMZN.1080p.5.1.HEVC.x265.10bit-Bearfish.mkv,1141475319,2025-07-27T01:38:19.000Z,real-debrid.com,https://fcdn.real-debrid.com/0831/images/hosters/realdebrid.png,NAY5YU2PLBU3Q,https://real-debrid.com/d/KU73BNFQMINZO637,video/x-matroska,1
32,https://nyk5-4.download.real-debrid.com/d/2NLTVUX5QUF7W86/Hart%20of%20Dixie%20S02E09%20AMZN.1080p.5.1.HEVC.x265.10bit-Bearfish.mkv,Hart of Dixie S02E09 AMZN.1080p.5.1.HEVC.x265.10bit-Bearfish.mkv,1128663521,2025-07-27T01:32:07.000Z,real-debrid.com,https://fcdn.real-debrid.com/0831/images/hosters/realdebrid.png,2NLTVUX5QUF7W,https://real-debrid.com/d/T3IAZACPCV7KMD91,video/x-matroska,1
32,https://nyk5-4.download.real-debrid.com/d/XZAEPIRGDBFX621/Jurassic%20World%20La%20Rinascita%202025%20ITA-ENG%20HDTS%20720P%20x264-Bg.mkv,Jurassic World La Rinascita 2025 ITA-ENG HDTS 720P x264-Bg.mkv,3044317491,2025-07-27T01:31:39.000Z,real-debrid.com,https://fcdn.real-debrid.com/0831/images/hosters/realdebrid.png,XZAEPIRGDBFX6,https://real-debrid.com/d/3SOEIUFGDEZPY9F5,video/x-matroska,1
32,https://nyk5-4.download.real-debrid.com/d/JKW6VBLJRZMD640/Jurassic%20World%20La%20Rinascita%202025%20ITA-ENG%20HDTS%20720P%20x264-Bg.mkv,Jurassic World La Rinascita 2025 ITA-ENG HDTS 720P x264-Bg.mkv,3044317491,2025-07-27T00:11:06.000Z,real-debrid.com,https://fcdn.real-debrid.com/0831/images/hosters/realdebrid.png,JKW6VBLJRZMD6,https://real-debrid.com/d/3SOEIUFGDEZPY9F5,video/x-matroska,1
32,https://nyk5-4.download.real-debrid.com/d/NH43PX5H3FBZC41/Jurassic%20World%20Rebirth%202025%20MULTi%201080p%20HDTS-SyncUP.mkv,Jurassic World Rebirth 2025 MULTi 1080p HDTS-SyncUP.mkv,13471058459,2025-07-27T00:09:54.000Z,real-debrid.com,https://fcdn.real-debrid.com/0831/images/hosters/realdebrid.png,NH43PX5H3FBZC,https://real-debrid.com/d/D5N2OSJ5DGROC891,video/x-matroska,1
32,https://nyk5-4.download.real-debrid.com/d/IRV2T635CGSLW43/Jurassic%20World%20Rebirth%202025%201080p%20HQ%20V2%20HDTC%20Dual%20Audio%20Hindi%20Line%20English%20x264-HDHub4u.mkv,Jurassic World Rebirth 2025 1080p HQ V2 HDTC Dual Audio Hindi Line English x264-HDHub4u.mkv,15015024322,2025-07-27T00:09:40.000Z,real-debrid.com,https://fcdn.real-debrid.com/0831/images/hosters/realdebrid.png,IRV2T635CGSLW,https://real-debrid.com/d/4FEDAYRFCLMFS651,video/x-matroska,1
32,https://nyk5-4.download.real-debrid.com/d/LIFBCDRE6WYQU78/The.Great.Indian.Kapil.Show.S03E06.1080p.NF.WEB-DL.Hindi.DDP5.1.ESub.x264-HDHub4u.Ms..mkv,The.Great.Indian.Kapil.Show.S03E06.1080p.NF.WEB-DL.Hindi.DDP5.1.ESub.x264-HDHub4u.Ms..mkv,2686523093,2025-07-26T23:05:08.000Z,real-debrid.com,https://fcdn.real-debrid.com/0831/images/hosters/realdebrid.png,LIFBCDRE6WYQU,https://real-debrid.com/d/UTP3EBN2X6WF2113,video/x-matroska,1
32,https://nyk5-4.download.real-debrid.com/d/35FX2U4KB3LKS85/Hart%20of%20Dixie%20S02E09%20AMZN.1080p.5.1.HEVC.x265.10bit-Bearfish.mkv,Hart of Dixie S02E09 AMZN.1080p.5.1.HEVC.x265.10bit-Bearfish.mkv,1128663521,2025-07-26T22:28:33.000Z,real-debrid.com,https://fcdn.real-debrid.com/0831/images/hosters/realdebrid.png,35FX2U4KB3LKS,https://real-debrid.com/d/T3IAZACPCV7KMD91,video/x-matroska,1
32,https://nyk5-4.download.real-debrid.com/d/25HNMKTN2QNLM101/Love%20Island%20US%205x10%20720p%20PCOK%20WEB%20DD%202.0.mkv,Love Island US 5x10 720p PCOK WEB DD 2.0.mkv,546928890,2025-07-26T22:28:11.000Z,real-debrid.com,https://fcdn.real-debrid.com/0831/images/hosters/realdebrid.png,25HNMKTN2QNLM,https://real-debrid.com/d/TQDYX3A4MPISO200,video/x-matroska,1
32,https://nyk5-4.download.real-debrid.com/d/LWCX4PDXAOVFM45/MasterChef.Junior.S08E01.1080p.HEVC.x265-MeGusta%5Beztv.re%5D.mkv,MasterChef.Junior.S08E01.1080p.HEVC.x265-MeGusta[eztv.re].mkv,887934223,2025-07-26T21:52:21.000Z,real-debrid.com,https://fcdn.real-debrid.com/0831/images/hosters/realdebrid.png,LWCX4PDXAOVFM,https://real-debrid.com/d/QTLXQTN6WNZE4749,video/x-matroska,1
32,https://nyk5-4.download.real-debrid.com/d/KU2MK327IZBF220/www.1TamilBlasters.boo%20-%20Saiyaara%20%282025%29%20%5BHindi%20-%201080p%20HQ%20PREHD%20-%20x264%20-%20AAC%20-%202.4GB%20-%20HQ%20Original%20Audio%5D.mkv,www.1TamilBlasters.boo - Saiyaara (2025) [Hindi - 1080p HQ PREHD - x264 - AAC - 2.4GB - HQ Original Audio].mkv,2602517551,2025-07-26T21:48:33.000Z,real-debrid.com,https://fcdn.real-debrid.com/0831/images/hosters/realdebrid.png,KU2MK327IZBF2,https://real-debrid.com/d/MLX3ZTVAIVT34C94,video/x-matroska,1
32,https://nyk5-4.download.real-debrid.com/d/UJHYLIMB2FSGK43/www.1TamilMV.tube%20-%20Saiyaara%20%282025%29%20Hindi%20HQ%20PRE-HD%20-%20720p%20-%20x264%20-%20Original%20Audio%20-%20AAC%20-%201.3GB.mkv,www.1TamilMV.tube - Saiyaara (2025) Hindi HQ PRE-HD - 720p - x264 - Original Audio - AAC - 1.3GB.mkv,1423883694,2025-07-26T21:48:20.000Z,real-debrid.com,https://fcdn.real-debrid.com/0831/images/hosters/realdebrid.png,UJHYLIMB2FSGK,https://real-debrid.com/d/JHRLVTHYVBOLA696,video/x-matroska,1
32,https://nyk5-4.download.real-debrid.com/d/J37HTW6VJAEFC23/www.1TamilBlasters.boo%20-%20Saiyaara%20%282025%29%20%5BHindi%20-%20HQ%20PREHD%20-%20x264%20-%20AAC%20-%20400MB%20-%20HQ%20Original%20Audio%5D.mkv,www.1TamilBlasters.boo - Saiyaara (2025) [Hindi - HQ PREHD - x264 - AAC - 400MB - HQ Original Audio].mkv,431685992,2025-07-26T21:48:00.000Z,real-debrid.com,https://fcdn.real-debrid.com/0831/images/hosters/realdebrid.png,J37HTW6VJAEFC,https://real-debrid.com/d/B3HCBHKNTXX3G6BB,video/x-matroska,1
32,https://nyk5-4.download.real-debrid.com/d/75USMEPM6PH5Y43/www.1TamilMV.tube%20-%20Saiyaara%20%282025%29%20Hindi%20HQ%20PRE-HD%20-%201080p%20-%20x264%20-%20Original%20Audio%20-%20AAC%20-%202.4GB.mkv,www.1TamilMV.tube - Saiyaara (2025) Hindi HQ PRE-HD - 1080p - x264 - Original Audio - AAC - 2.4GB.mkv,2602517523,2025-07-26T21:47:43.000Z,real-debrid.com,https://fcdn.real-debrid.com/0831/images/hosters/realdebrid.png,75USMEPM6PH5Y,https://real-debrid.com/d/YRGNDSJ6DSEXS873,video/x-matroska,1
32,https://nyk5-4.download.real-debrid.com/d/W6U6KQWCKBYEO74/Hart%20of%20Dixie%20S02E09%20AMZN.1080p.5.1.HEVC.x265.10bit-Bearfish.mkv,Hart of Dixie S02E09 AMZN.1080p.5.1.HEVC.x265.10bit-Bearfish.mkv,1128663521,2025-07-26T08:11:24.000Z,real-debrid.com,https://fcdn.real-debrid.com/0831/images/hosters/realdebrid.png,W6U6KQWCKBYEO,https://real-debrid.com/d/T3IAZACPCV7KMD91,video/x-matroska,1
32,https://nyk5-4.download.real-debrid.com/d/3FJWFAEK5ZJ7U77/Hart%20of%20Dixie%20S02E08%20AMZN.1080p.5.1.HEVC.x265.10bit-Bearfish.mkv,Hart of Dixie S02E08 AMZN.1080p.5.1.HEVC.x265.10bit-Bearfish.mkv,1144779790,2025-07-26T07:28:32.000Z,real-debrid.com,https://fcdn.real-debrid.com/0831/images/hosters/realdebrid.png,3FJWFAEK5ZJ7U,https://real-debrid.com/d/MGPWEFFH5BKIG7E8,video/x-matroska,1
32,https://nyk5-4.download.real-debrid.com/d/MC77EYIMKGVWI79/Hart%20of%20Dixie%20S02E07%20AMZN.1080p.5.1.HEVC.x265.10bit-Bearfish.mkv,Hart of Dixie S02E07 AMZN.1080p.5.1.HEVC.x265.10bit-Bearfish.mkv,1140221367,2025-07-26T07:22:40.000Z,real-debrid.com,https://fcdn.real-debrid.com/0831/images/hosters/realdebrid.png,MC77EYIMKGVWI,https://real-debrid.com/d/KX6G42OGPA5TU9CC,video/x-matroska,1
32,https://nyk5-4.download.real-debrid.com/d/ZNPZ6IIF6AOG687/The%20Summer%20I%20Turned%20Pretty%20S03E01%20Last%20Season%202160p%20AMZN%20WEB-DL%20DDP5%201%20Atmos%20HDR%20H%20265-Kitsune.mkv,The Summer I Turned Pretty S03E01 Last Season 2160p AMZN WEB-DL DDP5 1 Atmos HDR H 265-Kitsune.mkv,6571196001,2025-07-26T06:53:16.000Z,real-debrid.com,https://fcdn.real-debrid.com/0831/images/hosters/realdebrid.png,ZNPZ6IIF6AOG6,https://real-debrid.com/d/XP2ZUCFWC3HGE45F,video/x-matroska,1
32,https://nyk5-4.download.real-debrid.com/d/PG4UTFLV4JURO102/The%20Summer%20I%20Turned%20Pretty%20S03E01%20Last%20Season%202160p%20AMZN%20WEB-DL%20DDP5%201%20Atmos%20HDR%20H%20265-Kitsune.mkv,The Summer I Turned Pretty S03E01 Last Season 2160p AMZN WEB-DL DDP5 1 Atmos HDR H 265-Kitsune.mkv,6571196001,2025-07-26T03:00:17.000Z,real-debrid.com,https://fcdn.real-debrid.com/0831/images/hosters/realdebrid.png,PG4UTFLV4JURO,https://real-debrid.com/d/XP2ZUCFWC3HGE45F,video/x-matroska,1
32,https://nyk5-4.download.real-debrid.com/d/GNGGDQCH6ANV291/Hart%20of%20Dixie%20S02E07%20AMZN.1080p.5.1.HEVC.x265.10bit-Bearfish.mkv,Hart of Dixie S02E07 AMZN.1080p.5.1.HEVC.x265.10bit-Bearfish.mkv,1140221367,2025-07-26T02:59:26.000Z,real-debrid.com,https://fcdn.real-debrid.com/0831/images/hosters/realdebrid.png,GNGGDQCH6ANV2,https://real-debrid.com/d/KX6G42OGPA5TU9CC,video/x-matroska,1
32,https://nyk5-4.download.real-debrid.com/d/IXO23YQZKJEI478/S06E03%20-%20Bread.mp4,S06E03 - Bread.mp4,1085440350,2025-07-26T02:44:36.000Z,real-debrid.com,https://fcdn.real-debrid.com/0831/images/hosters/realdebrid.png,IXO23YQZKJEI4,https://real-debrid.com/d/PKWJR7LTT76AED32,video/mp4,1
32,https://nyk5-4.download.real-debrid.com/d/ALTAQXTWWQ6PO99/Hart%20of%20Dixie%20S02E07%20AMZN.1080p.5.1.HEVC.x265.10bit-Bearfish.mkv,Hart of Dixie S02E07 AMZN.1080p.5.1.HEVC.x265.10bit-Bearfish.mkv,1140221367,2025-07-25T05:45:27.000Z,real-debrid.com,https://fcdn.real-debrid.com/0831/images/hosters/realdebrid.png,ALTAQXTWWQ6PO,https://real-debrid.com/d/KX6G42OGPA5TU9CC,video/x-matroska,1
32,https://nyk5-4.download.real-debrid.com/d/SOGLVMKQC5IZC82/Hart%20of%20Dixie%20S02E06%20AMZN.1080p.5.1.HEVC.x265.10bit-Bearfish.mkv,Hart of Dixie S02E06 AMZN.1080p.5.1.HEVC.x265.10bit-Bearfish.mkv,1146044423,2025-07-25T05:11:48.000Z,real-debrid.com,https://fcdn.real-debrid.com/0831/images/hosters/realdebrid.png,SOGLVMKQC5IZC,https://real-debrid.com/d/JDCCQBYK6IHWW312,video/x-matroska,1
32,https://nyk5-4.download.real-debrid.com/d/PTZBV4T6G35SI43/The.Traitors.UK.S02E01.1080p.HEVC.x265-MeGusta%5BEZTVx.to%5D.mkv,The.Traitors.UK.S02E01.1080p.HEVC.x265-MeGusta[EZTVx.to].mkv,857717028,2025-07-25T04:22:15.000Z,real-debrid.com,https://fcdn.real-debrid.com/0831/images/hosters/realdebrid.png,PTZBV4T6G35SI,https://real-debrid.com/d/BWDMNNN2ADIPKD58,video/x-matroska,1
32,https://nyk5-4.download.real-debrid.com/d/JVWOJLVIOKO7M102/Love%20Island%20US%205x10%20720p%20PCOK%20WEB%20DD%202.0.mkv,Love Island US 5x10 720p PCOK WEB DD 2.0.mkv,546928890,2025-07-25T04:18:05.000Z,real-debrid.com,https://fcdn.real-debrid.com/0831/images/hosters/realdebrid.png,JVWOJLVIOKO7M,https://real-debrid.com/d/TQDYX3A4MPISO200,video/x-matroska,1
32,https://nyk5-4.download.real-debrid.com/d/34XUPOHRHUH6A97/Love%20Island%20US%205x09%20720p%20PCOK%20WEB%20DD%202.0.mkv,Love Island US 5x09 720p PCOK WEB DD 2.0.mkv,547148316,2025-07-25T03:34:24.000Z,real-debrid.com,https://fcdn.real-debrid.com/0831/images/hosters/realdebrid.png,34XUPOHRHUH6A,https://real-debrid.com/d/X7TTLYLJL57TYD4A,video/x-matroska,1
32,https://nyk5-4.download.real-debrid.com/d/GAWNQDPLQ2IEM77/S06E03%20-%20Bread.mp4,S06E03 - Bread.mp4,1085440350,2025-07-25T02:43:38.000Z,real-debrid.com,https://fcdn.real-debrid.com/0831/images/hosters/realdebrid.png,GAWNQDPLQ2IEM,https://real-debrid.com/d/PKWJR7LTT76AED32,video/mp4,1
32,https://nyk5-4.download.real-debrid.com/d/GBVOEIGXXLRLO71/S06E02%20-%20Biscuits.mp4,S06E02 - Biscuits.mp4,1066478470,2025-07-25T02:29:46.000Z,real-debrid.com,https://fcdn.real-debrid.com/0831/images/hosters/realdebrid.png,GBVOEIGXXLRLO,https://real-debrid.com/d/PUBXW4T6YAVRUAB4,video/mp4,1
32,https://nyk5-4.download.real-debrid.com/d/5HKYE72VNO7OC85/%5BSubsPlease%5D%20Lord%20of%20Mysteries%20-%2001v3%20%281080p%29%20%5B1081BCA2%5D.mkv,[SubsPlease] Lord of Mysteries - 01v3 (1080p) [1081BCA2].mkv,2121723763,2025-07-24T08:23:10.000Z,real-debrid.com,https://fcdn.real-debrid.com/0831/images/hosters/realdebrid.png,5HKYE72VNO7OC,https://real-debrid.com/d/J2RC327VLWWL6740,video/x-matroska,1
32,https://nyk5-4.download.real-debrid.com/d/KCG3TGAGPMQ2G23/%5BErai-raws%5D%20Chi%20-%20Chikyuu%20no%20Undou%20ni%20Tsuite%20-%2001%20%5B1080p%5D%5BMultiple%20Subtitle%5D%5BB0171D0E%5D.mkv,[Erai-raws] Chi - Chikyuu no Undou ni Tsuite - 01 [1080p][Multiple Subtitle][B0171D0E].mkv,947117204,2025-07-24T08:21:47.000Z,real-debrid.com,https://fcdn.real-debrid.com/0831/images/hosters/realdebrid.png,KCG3TGAGPMQ2G,https://real-debrid.com/d/FYGB2OS3IHBYK713,video/x-matroska,1
32,https://nyk5-4.download.real-debrid.com/d/CQQGXJFZBN36Y98/Hart%20of%20Dixie%20S02E06%20AMZN.1080p.5.1.HEVC.x265.10bit-Bearfish.mkv,Hart of Dixie S02E06 AMZN.1080p.5.1.HEVC.x265.10bit-Bearfish.mkv,1146044423,2025-07-24T08:08:54.000Z,real-debrid.com,https://fcdn.real-debrid.com/0831/images/hosters/realdebrid.png,CQQGXJFZBN36Y,https://real-debrid.com/d/JDCCQBYK6IHWW312,video/x-matroska,1
32,https://nyk5-4.download.real-debrid.com/d/WSOVEO5XAEROM84/Hart%20of%20Dixie%20S02E05%20AMZN.1080p.5.1.HEVC.x265.10bit-Bearfish.mkv,Hart of Dixie S02E05 AMZN.1080p.5.1.HEVC.x265.10bit-Bearfish.mkv,1144591946,2025-07-24T07:51:44.000Z,real-debrid.com,https://fcdn.real-debrid.com/0831/images/hosters/realdebrid.png,WSOVEO5XAEROM,https://real-debrid.com/d/IXLIWA7KR7XA4EBF,video/x-matroska,1
